ID Escola,ID Inep,Escola,DRE,Tipo de Ensino,Possui 3o Ano,Área Urbana,Categoria,SAEB 23 Taxa Participação,SAEB 23 Nota Média PT,SAEB 23 Nota Média Mat,SAESE 24 Proficiência PT,SAESE 24 Proficiência MAT,Participação Avaliação Diagnóstica,Rendimento Médio Língua Portuguesa Avaliação Diagnóstica,Rendimento Médio Matemática Avaliação Diagnóstica,Número de Alunos,Participação Avaliação Formativa,Rendimento LP Avaliação Formativa,Rendimento MAT Avaliação Formativa
14202768,28018494,CENTRO DE EXCELÊNCIA NELSON MANDELA,DEA,Ensino Médio Integral,Sim,Urbana,Regular,"92,00%","258,83",259,"256,1","249,9",78%,55%,48%,341,"86,2%","58,93%","47,6%"
14202643,28018702,COLÉGIO ESTADUAL JORNALISTA PAULO COSTA,DEA,Ensino Médio Parcial,Sim,Urbana,Regular,"90,32%","265,42","258,67","279,5","256,7",73%,39%,24%,406,"80,8%","44,50%","35,5%"
14202738,28019717,CENTRO DE EXCELENCIA CORONEL FRANCISCO SOUZA PORTO,DEA,Ensino Médio Integral,Sim,Urbana,Regular,,,,,,94%,31%,27%,66,"100,0%","43,23%","54,7%"
14202627,28018117,COLÉGIO ESTADUAL PROFESSOR BENEDITO OLIVEIRA,DEA,Ensino Médio Parcial,Sim,Urbana,Regular,"92,21%","268,06","262,22","263,5","246,2",78%,39%,34%,461,"85,4%","36,13%","33,8%"
14202782,28018400,CENTRO DE EXCELÊNCIA PROFESSOR GONÇALO ROLLEMBERG LEITE,DEA,Ensino Médio Integral,Sim,Urbana,Regular,"92,86%","282,93","278,03",284,"280,5",94%,38%,30%,203,"94,1%","51,98%","57,0%"
11046445,28017838,CENTRO DE EXCELENCIA ATHENEU SERGIPENSE,DEA,Ensino Médio Integral,Sim,Urbana,Regular,"98,44%","292,72","280,93","301,6","290,7",98%,49%,56%,958,"98,8%","81,87%","80,4%"
14202605,28018435,CENTRO DE EXCELÊNCIA BARÃO DE MAUÁ,DEA,Ensino Médio Integral,Sim,Urbana,Regular,"98,89%","283,83","267,35","277,3","262,4",93%,51%,46%,598,"94,2%","60,46%","52,5%"
14202730,28026730,CENTRO DE EXCELÊNCIA DE EDUCAÇÃO PROFISSIONAL JOSÉ FIGUEIREDO BARRETO,DEA,Ensino Profissional,Sim,Urbana,Regular,,,,"268,1","258,4",92%,45%,43%,298,"92,9%","59,39%","55,5%"
14202612,28019180,COLÉGIO ESTADUAL PAULINO NASCIMENTO,DEA,Ensino Médio Parcial,Sim,Urbana,Regular,"80,52%","239,17","245,45","246,1","241,1",89%,31%,27%,196,"93,6%","32,56%","28,7%"
14202907,28018818,COLÉGIO ESTADUAL OLAVO BILAC,DEA,Ensino Médio Parcial,Sim,Urbana,Regular,"88,33%","253,89",249,"237,5","235,9",73%,40%,37%,370,"81,0%","46,00%","31,9%"
14202763,28018460,CENTRO DE EXCELÊNCIA LEANDRO MACIEL,DEA,Ensino Médio Integral,Sim,Urbana,Regular,"92,59%","280,56","273,65","276,4","261,4",99%,46%,43%,262,"93,9%","50,00%","47,4%"
14202632,28033477,CENTRO DE EXCELÊNCIA  VITÓRIA DE SANTA MARIA,DEA,Ensino Médio Parcial,Sim,Urbana,Regular,"77,60%",,,"235,1","227,8",70%,39%,40%,629,"89,4%","48,72%","46,8%"
14202644,28018508,COLEGIO ESTADUAL PROFESSOR ARICIO FORTES,DEA,Ensino Médio Parcial,Sim,Urbana,Regular,"80,77%","245,76","242,56",262,"237,6",47%,33%,28%,318,"79,4%","35,93%","34,0%"
14202751,28017862,CENTRO DE EXCELÊNCIA PROFESSOR JOÃO COSTA,DEA,Ensino Médio Integral,Sim,Urbana,Regular,"101,16%","272,85","259,57","274,7","259,7",86%,60%,46%,610,"92,1%","58,33%","53,8%"
14202801,28018478,CENTRO DE EXCELÊNCIA PROFESSOR JOSÉ CARLOS DE SOUZA,DEA,Ensino Médio Integral,Sim,Urbana,Regular,"92,31%","280,72","262,34","272,5","265,6",79%,50%,44%,332,"95,4%","45,48%","42,7%"
14202769,28017846,COLEGIO ESTADUAL JACKSON DE FIGUEIREDO,DEA,Ensino Médio Parcial,Sim,Urbana,Regular,"83,68%","261,47","254,45","238,8","239,8",74%,45%,40%,595,"88,1%","58,91%","47,2%"
14202617,28018567,COLÉGIO ESTADUAL 17 DE MARÇO,DEA,Ensino Médio Parcial,Sim,Urbana,Regular,"103,08%","264,42","261,04","271,8","252,8",87%,42%,36%,251,"98,8%","57,60%","45,7%"
14210619,28018125,COLÉGIO ESTADUAL IVO DO PRADO,DEA,Ensino Médio Parcial,Sim,Urbana,Regular,"67,09%",,,"268,9","249,8",84%,48%,35%,439,"88,6%","52,21%","44,5%"
14202772,28019725,COLÉGIO ESTADUAL GENERAL SIQUEIRA,DEA,Ensino Médio Parcial,Sim,Urbana,Regular,"72,11%",,,248,"240,4",79%,51%,54%,612,"83,1%","50,99%","53,9%"
14202908,28019067,COLEGIO ESTADUAL MINISTRO PETRONIO PORTELA,DEA,Ensino Médio Parcial,Sim,Urbana,Regular,"102,68%","259,51","260,83","276,8","254,3",85%,44%,40%,528,"91,4%","54,73%","48,7%"
14202802,28018320,COLÉGIO ESTADUAL PROFESSOR JOAQUIM VIEIRA SOBRAL,DEA,Ensino Médio Parcial,Sim,Urbana,Regular,"85,07%",262,"252,39","257,3","250,3",95%,55%,61%,324,"97,7%","61,41%","54,2%"
14202777,28018761,COLÉGIO ESTADUAL LEONOR TELES DE MENEZES,DEA,Ensino Médio Parcial,Sim,Urbana,Regular,"101,52%","258,01","247,96","261,4","248,8",19%,49%,43%,247,"88,5%","51,93%","45,0%"
14202623,28018389,CENTRO DE EXCELÊNCIA SECRETÁRIO DE ESTADO FRANCISCO ROSA SANTOS,DEA,Ensino Médio Integral,Sim,Urbana,Regular,"91,07%",245,"246,01","256,3","250,7",79%,39%,33%,675,"85,8%","43,06%","45,0%"
14202790,28028783,CENTRO DE EXCELÊNCIA GOVERNADOR DJENAL TAVARES QUEIROZ,DEA,Ensino Médio Integral,Sim,Urbana,Regular,"100,00%","288,85","271,01","277,2",264,95%,66%,68%,271,"98,1%","65,94%","68,9%"
14202507,28019164,CENTRO DE EXCELÊNCIA JOHN KENNEDY,DEA,Ensino Médio Integral,Sim,Urbana,Regular,"88,10%","261,44","264,09","277,6","265,7",89%,43%,32%,189,"93,5%","45,93%","39,3%"
14202781,28018869,COLÉGIO ESTADUAL PROFESSOR ACRÍSIO CRUZ,DEA,Ensino Médio Parcial,Sim,Urbana,Regular,"98,51%","263,74","262,16",269,"254,4",99%,39%,31%,299,"100,0%","42,08%","43,7%"
14202620,28018974,COLÉGIO ESTADUAL SENADOR LEITE NETO,DEA,Ensino Médio Parcial,Sim,Urbana,Regular,,,,,,65%,35%,46%,276,"60,5%","60,24%","30,9%"
14202464,28018486,CENTRO DE EXCELÊNCIA PROFESSORA MARIA IVANDA DE CARVALHO NASCIMENTO,DEA,Ensino Médio Integral,Sim,Urbana,Regular,"95,70%","272,9","257,84","258,5","260,4",88%,61%,51%,242,"96,5%","71,31%","69,8%"
14202641,28018516,COLEGIO ESTADUAL TOBIAS BARRETO,DEA,Ensino Médio Parcial,Sim,Urbana,Regular,"100,33%","269,86","269,44","278,8","267,6",76%,57%,57%,925,"95,8%","66,37%","68,7%"
14202753,28018451,CENTRO DE EXCELÊNCIA DOM LUCIANO JOSÉ CABRAL DUARTE,DEA,Ensino Médio Integral,Sim,Urbana,Regular,"90,80%","274,93","269,71","285,6",277,80%,61%,56%,626,"92,7%","73,68%","69,4%"
14202613,28018915,CENTRO DE EXCELÊNCIA PROFESSORA OFENÍSIA SOARES FREIRE,DEA,Ensino Médio Integral,Sim,Urbana,Regular,"93,88%","275,36","263,49",286,"262,9",94%,59%,55%,308,"98,8%","72,49%","67,8%"
14202541,28019806,INSTITUTO DE EDUCAÇÃO RUY BARBOSA,DEA,Ensino Profissional,Sim,Urbana,Regular,,,,,,81%,44%,32%,160,"100,0%","63,57%","54,7%"
14202616,28018796,COLÉGIO ESTADUAL MONSENHOR CARLOS CAMÉLIO COSTA,DEA,Ensino Médio Parcial,Sim,Urbana,Regular,"86,57%","250,99","246,36","242,7","243,4",78%,39%,31%,225,"95,1%","39,10%","29,2%"
14202468,28018575,COLÉGIO ESTADUAL 24 DE OUTUBRO,DEA,Ensino Médio Parcial,Sim,Urbana,Regular,"88,28%","260,15","256,32","255,3","239,6",67%,45%,44%,429,"79,2%","46,55%","47,8%"
14202913,28017854,CENTRO DE EXCELÊNCIA PROFESSOR PAULO FREIRE,DEA,Ensino Médio Integral,Sim,Urbana,Regular,"93,75%","258,32","252,02","243,9","233,8",92%,39%,32%,186,"82,4%","33,53%","33,5%"
14202821,28018419,CENTRO DE EXCELÊNCIA GOVERNADOR AUGUSTO FRANCO,DEA,Ensino Médio Integral,Sim,Urbana,Regular,"96,92%","280,61","259,46","238,8",237,100%,46%,45%,371,"100,0%","57,75%","50,0%"
14202466,28018940,CENTRO DE EXCELÊNCIA SANTOS DUMONT,DEA,Ensino Médio Integral,Sim,Urbana,Regular,"82,61%","280,9","274,24","272,8",278,92%,49%,42%,481,"92,4%","50,95%","48,4%"
14202491,28032578,COLÉGIO ESTADUAL PROFESSORA MARIA DAS GRAÇAS AZEVEDO MELO,DEA,Ensino Médio Parcial,Sim,Urbana,Regular,"57,14%",,,"229,9","222,6",55%,38%,37%,190,"75,0%","48,44%","36,7%"
14202815,28018648,COLEGIO ESTADUAL DR MANOEL LUIZ,DEA,Ensino Médio Parcial,Sim,Urbana,Regular,,,,,,78%,49%,33%,222,"81,5%","55,82%","42,6%"
14202465,28018397,CENTRO DE EXCELÊNCIA JOSÉ ROLLEMBERG LEITE,DEA,Ensino Médio Integral,Sim,Urbana,Regular,"92,50%","277,76","266,66","273,2","276,2",96%,46%,27%,121,"100,0%","56,60%","39,6%"
14202475,28022025,COLEGIO ESTADUAL SEVERIANO CARDOSO,DRE01,Ensino Médio Parcial,Sim,Urbana,Regular,"95,83%","255,57","250,6","253,7","237,2",82%,35%,38%,289,"65,7%","47,82%","52,5%"
14202807,28021797,CENTRO DE EXCELÊNCIA MANUEL BOMFIM,DRE01,Ensino Médio Integral,Sim,Urbana,Regular,"94,00%","244,02","243,2","256,1","241,3",78%,34%,25%,410,"94,1%","39,49%","35,0%"
14202542,28028562,COLÉGIO ESTADUAL PREFEITO ANFILÓFIO FERNANDES VIANA,DRE01,Ensino Médio Parcial,Sim,Urbana,Regular,"87,74%","266,9","253,87","242,4","237,3",88%,41%,36%,482,"91,0%","39,48%","40,4%"
14202624,28035100,CENTRO DE EXCELÊNCIA DE EDUCAÇÃO  EM TEMPO INTEGRAL E PROFISSIONAL  MARIA FONTES DE FARIA,DRE01,Ensino Profissional,Sim,Urbana,Regular,,,,,,93%,48%,28%,150,"97,8%","56,20%","61,9%"
14202610,28024150,COLÉGIO ESTADUAL DOUTOR ANTÔNIO GARCIA FILHO,DRE01,Ensino Médio Parcial,Sim,Urbana,Regular,"84,35%","253,19","241,86","243,2","237,8",31%,38%,35%,400,"84,7%","45,36%","42,6%"
14202452,28024540,COLEGIO ESTADUAL PROFESSOR GILSON AMADO,DRE01,Ensino Médio Parcial,Sim,Urbana,Regular,"85,71%","239,23","245,6",243,"231,8",86%,33%,28%,265,"80,0%","35,05%","36,5%"
14202755,28032080,COLEGIO ESTADUAL PREFEITO PEDRO DE BALBINO,DRE01,Ensino Médio Parcial,Sim,Urbana,Regular,"100,00%","247,3","250,98",237,"232,9",88%,39%,30%,403,"88,8%","44,87%","37,7%"
14202536,28029577,CENTRO DE EXCELÊNCIA PREFEITO JOALDO LIMA DE CARVALHO,DRE01,Ensino Médio Parcial,Sim,Urbana,Regular,"92,00%",257,"254,79","276,5","258,9",86%,39%,41%,408,"83,1%","39,72%","43,2%"
14202631,28022645,COLÉGIO ESTADUAL MONSENHOR OLÍMPIO CAMPOS,DRE01,Ensino Médio Parcial,Sim,Urbana,Regular,"88,89%","243,77","252,64","251,5","251,8",67%,44%,49%,1.021,"81,4%","50,96%","51,6%"
14202508,28025326,CENTRO DE EXCELÊNCIA ARQUIBALDO MENDONÇA,DRE01,Ensino Médio Integral,Sim,Urbana,Regular,"91,75%","259,33","259,28","248,3","245,1",66%,34%,27%,291,"91,8%","38,85%","33,9%"
14202754,28024559,COLEGIO ESTADUAL GUMERCINDO BESSA,DRE01,Ensino Médio Parcial,Sim,Urbana,Regular,"72,40%",,,"231,6","231,3",89%,35%,35%,882,"82,0%","32,42%","31,5%"
14202476,28022394,CENTRO DE EXCELÊNCIA LEONARDO GOMES DE CARVALHO LEITE,DRE01,Ensino Médio Integral,Sim,Urbana,Regular,"90,91%","243,91","240,92","241,4","233,1",86%,39%,35%,316,"89,0%","52,15%","56,9%"
14202553,28025903,CENTRO DE EXECELÊNCIA DE EDUCAÇÃO EM TEMPO INTEGRAL COMENDADOR CALAZANS,DRE01,Ensino Profissional,Sim,Urbana,Regular,"93,10%","231,93","245,03","263,4",237,92%,37%,32%,236,"71,7%","30,81%","35,6%"
14202604,28025180,COLÉGIO ESTADUAL DIONÍZIO MACHADO,DRE01,Ensino Médio Parcial,Sim,Urbana,Regular,"85,98%","233,88","237,64","238,4","237,9",84%,34%,37%,290,"80,0%","44,17%","52,9%"
14202477,28022440,COLÉGIO ESTADUAL OTÁVIO DE SOUZA LEITE,DRE01,Ensino Médio Parcial,Sim,Urbana,Regular,,,,"260,5","246,3",80%,39%,30%,266,"89,4%","47,18%","37,3%"
14202478,28023315,COLÉGIO ESTADUAL ALENCAR CARDOSO,DRE01,Ensino Profissional,Sim,Urbana,Regular,,,,"226,4","229,2",92%,43%,34%,210,"92,1%","44,11%","41,2%"
14202747,28022033,CENTRO DE EXCELÊNCIA CLEONICE SOARES DA FONSECA,DRE01,Ensino Médio Integral,Sim,Urbana,Regular,"100,98%","292,74","297,45","294,8","303,7",100%,53%,39%,298,"98,8%","64,33%","63,8%"
14202522,28040201,CENTRO DE EXCELÊNCIA DEPUTADO JOALDO VIEIRA BARBOSA,DRE01,Ensino Profissional,Sim,Urbana,Regular,"94,37%","270,62","265,73","296,3","275,9",93%,41%,37%,234,"87,0%","41,37%","42,0%"
14202912,28024524,CENTRO DE EXCELÊNCIA SENADOR WALTER FRANCO,DRE01,Ensino Médio Integral,Sim,Urbana,Regular,"92,00%","269,72","258,62",275,"273,3",87%,32%,34%,317,"72,9%","46,90%","47,6%"
14202459,28023277,CENTRO DE EXCELÊNCIA DOUTOR JESSÉ FONTES,DRE01,Ensino Médio Integral,Sim,Urbana,Regular,"97,65%","242,67","254,03","242,3","231,5",95%,36%,27%,320,"93,1%","39,20%","39,8%"
14202811,28024532,COLEGIO ESTADUAL ARABELA RIBEIRO,DRE01,Ensino Médio Parcial,Sim,Urbana,Regular,"76,56%",,,"254,2","237,9",92%,45%,40%,144,"94,7%","53,01%","52,3%"
12358065,28036204,CENTRO DE EXCELÊNCIA DE EDUCAÇÃO PROFISSIONAL ULISSES GUIMARÃES,DRE01,Ensino Profissional,Sim,Urbana,Regular,"96,30%","265,06","254,47","258,8","251,5",68%,51%,41%,126,"82,0%","49,10%","44,0%"
14202740,28023730,CENTRO DE EXCELÊNCIA DOM JOSÉ VICENTE TÁVORA,DRE01,Ensino Médio Integral,Sim,Urbana,Regular,"100,00%","284,5","289,01","283,2","278,8",100%,43%,45%,51,"100,0%","45,83%","47,4%"
14202642,28023331,COLÉGIO ESTADUAL FRANCISCO BARBOSA SANTOS,DRE01,Ensino Médio Parcial,Sim,Rural,Regular,"91,67%","282,87","270,44","273,1","247,8",88%,48%,42%,125,"91,2%","63,71%","66,9%"
14202530,28032225,CENTRO DE EXCELÊNCIA DE EDUCAÇÃO EM TEMPO INTEGRAL PROFESSOR JOSÉ CLÁUDIO MONTEIRO,DRE02,Ensino Médio Integral,Sim,Rural,Regular,"98,72%","261,7","257,38","268,6","243,2",98%,46%,46%,219,"97,9%","70,21%","69,5%"
14202551,28011082,COLÉGIO ESTADUAL SILVIO ROMERO,DRE02,Ensino Médio Parcial,Sim,Urbana,Regular,"97,41%","274,58","267,96","279,8",272,92%,56%,47%,1.176,"93,0%","64,92%","62,3%"
14202515,28008677,COLÉGIO ESTADUAL PROFESSOR JOÃO DE OLIVEIRA,DRE02,Ensino Médio Parcial,Sim,Urbana,Regular,"92,93%","274,36","266,74","262,1","251,4",90%,46%,38%,569,"94,2%","54,43%","46,4%"
14202576,28012542,COLÉGIO ESTADUAL DOUTOR OSMAN HORA FONTES,DRE02,Ensino Médio Parcial,Sim,Urbana,Regular,"100,00%","254,34","258,16","259,3","255,3",89%,39%,36%,282,"96,3%","44,41%","50,0%"
14202533,28031644,COLÉGIO ESTADUAL CARMEM DO PRADO DANTAS AMARAL,DRE02,Ensino Médio Parcial,Sim,Urbana,Regular,,,,,,96%,39%,27%,231,"100,0%","36,62%","40,0%"
14202479,28009398,CENTRO DE EXCELÊNCIA DR MILTON DORTAS,DRE02,Ensino Médio Integral,Sim,Urbana,Regular,"93,46%","288,33","273,38","276,4","267,3",99%,51%,43%,453,"99,4%","55,40%","56,8%"
14202512,28026667,CENTRO DE EXCELÊNCIA DE EDUCAÇÃO EM  TEMPO INTEGRAL DOM MÁRIO RINO SIVIERI,DRE02,Ensino Médio Parcial,Sim,Urbana,Regular,,,,"262,1","250,9",87%,41%,32%,424,"90,5%","42,17%","40,8%"
14202910,28010817,COLÉGIO ESTADUAL PROFESSORA MARIA LUCILENE DE ALMEIDA SANTOS,DRE02,Ensino Médio Parcial,Sim,Urbana,Regular,,,,"260,2","256,9",93%,48%,29%,258,"97,1%","48,31%","35,2%"
14202757,28012151,COLÉGIO ESTADUAL NAPOLEÃO DE MENEZES ALVES,DRE02,Ensino Médio Parcial,Sim,Rural,Regular,"89,77%","242,07","242,88","266,5","257,7",92%,55%,54%,209,"93,4%","72,08%","70,8%"
14202748,28011104,CENTRO DE EXCELÊNCIA PROFESSOR ABELARDO ROMERO DANTAS,DRE02,Ensino Médio Integral,Sim,Urbana,Regular,"94,31%","293,12","285,62","288,1","282,8",94%,58%,50%,496,"93,7%","70,43%","75,6%"
14202762,28011058,COLEGIO ESTADUAL LUIZ ALVES DE OLIVEIRA,DRE02,Ensino Médio Parcial,Sim,Rural,Regular,"92,09%","267,72","260,72","262,5","249,4",89%,46%,34%,392,"80,9%","47,59%","46,6%"
14202545,28010132,COLEGIO ESTADUAL ABELARDO BARRETO DO ROSARIO,DRE02,Ensino Médio Parcial,Sim,Urbana,Regular,"90,17%","271,14","265,45","272,6","262,4",48%,42%,44%,691,"88,1%","58,41%","53,7%"
14202904,28009851,COLÉGIO ESTADUAL FAUSTO CARDOSO,DRE02,Ensino Médio Parcial,Sim,Urbana,Regular,"98,71%","287,76","275,85","270,6","268,1",93%,64%,61%,436,"88,1%","77,40%","72,9%"
14202621,28008782,CENTRO DE EXCELÊNCIA EPIFÂNIO DÓRIA,DRE02,Ensino Médio Integral,Sim,Urbana,Regular,"97,83%","295,78","285,83","294,8","304,2",92%,58%,37%,185,"97,9%","66,12%","49,6%"
14202778,28010450,CENTRO DE EXCELÊNCIA MARIA ROSA DE OLIVEIRA,DRE02,Ensino Médio Integral,Sim,Urbana,Regular,"97,22%","312,76","300,98","303,7","299,5",96%,50%,33%,204,"94,5%","57,84%","43,3%"
14202603,28037456,COLEGIO  ESTADUAL PROFESSORA JOSEFA ALVES DE ALMEIDA,DRE02,Ensino Médio Parcial,Sim,Rural,Regular,"91,30%","269,09","266,83","268,7","262,5",88%,40%,35%,275,"93,6%","49,65%","48,2%"
14202564,28012143,CENTRO DE EXCELÊNCIA DE EDUCAÇÃO EM TEMPO INTEGRAL LOURIVAL FONTES,DRE02,Ensino Médio Integral,Sim,Urbana,Regular,,,,,,93%,50%,41%,56,"93,3%","74,36%","57,7%"
14202480,28009487,COLEGIO ESTADUAL SENADOR LOURIVAL BAPTISTA,DRE02,Ensino Médio Parcial,Sim,Rural,Regular,"88,06%","272,75","257,54","273,3","261,6",85%,43%,39%,259,"91,5%","57,65%","60,6%"
14202799,28011074,COLÉGIO ESTADUAL MONSENHOR JUAREZ SANTOS PRATA,DRE02,Ensino Médio Parcial,Sim,Rural,Regular,"104,35%","256,7","255,04","253,1",247,85%,42%,27%,124,"91,2%","68,55%","67,7%"
14202607,28007190,COLÉGIO ESTADUAL PROFESSOR NESTOR CARVALHO LIMA,DRE03,Ensino Médio Parcial,Sim,Urbana,Regular,"94,56%","266,05","268,77","242,9","254,3",74%,43%,52%,874,"88,4%","40,50%","40,0%"
14202492,28004701,CENTRO DE EXCELÊNCIA DE EDUCAÇÃO EM TEMPO INTEGRAL PROFESSORA ANITA PASSOS DE OLIVEIRA,DRE03,Ensino Médio Integral,Sim,Urbana,Regular,"85,71%","257,24","259,91","258,4","256,9",98%,43%,42%,208,"90,2%","43,94%","50,2%"
14202472,28007867,COLEGIO ESTADUAL MARCOLINO CRUZ SANTOS,DRE03,Ensino Médio Parcial,Sim,Urbana,Regular,"91,80%","265,3","264,57","277,2","254,9",90%,36%,26%,231,"93,0%","39,95%","38,3%"
14202902,28003551,COLEGIO ESTADUAL PROFESSOR ARTUR FORTES,DRE03,Ensino Médio Parcial,Sim,Urbana,Regular,"81,98%","261,7","253,82",238,"240,2",82%,43%,41%,593,"87,5%","44,19%","48,0%"
14202489,28008235,COLÉGIO ESTADUAL DJENAL TAVARES DE QUEIROZ,DRE03,Ensino Médio Parcial,Sim,Urbana,Regular,"97,50%","264,77","279,9","279,7","275,3",97%,57%,54%,351,"91,6%","60,73%","61,6%"
14202487,28006720,COLÉGIO ESTADUAL GUILHERME CAMPOS,DRE03,Ensino Médio Parcial,Sim,Urbana,Regular,"98,44%","281,85","272,24","281,9","269,7",85%,50%,44%,433,"89,2%","57,68%","51,5%"
14202488,28007000,COLÉGIO ESTADUAL MURILO BRAGA,DRE03,Ensino Profissional,Sim,Urbana,Regular,"69,45%",,,"233,9","236,8",12%,39%,31%,1.212,"82,8%","41,96%","40,7%"
14202486,28006739,CENTRO DE EXCELÊNCIA ROQUE JOSÉ DE SOUZA,DRE03,Ensino Médio Integral,Sim,Urbana,Regular,"87,27%","244,09","240,8","254,5","258,4",100%,56%,65%,195,"98,1%","70,35%","84,2%"
14202622,28004060,CENTRO DE EXCELÊNCIA PROFESSOR GENTIL TAVARES DA MOTA,DRE03,Ensino Médio Integral,Sim,Urbana,Regular,"91,51%","251,86","248,66","266,6","249,6",95%,36%,39%,343,"87,0%","42,34%","43,7%"
14202546,28007816,COLÉGIO ESTADUAL EDUARDO SILVEIRA,DRE03,Ensino Médio Parcial,Sim,Urbana,Regular,"82,64%","272,48","267,47",264,"256,7",91%,50%,38%,823,"89,7%","49,00%","46,5%"
14202903,28006542,COLÉGIO ESTADUAL DEPUTADO GUIDO AZEVEDO,DRE03,Ensino Médio Parcial,Sim,Urbana,Regular,"79,57%",,,"246,8","241,5",82%,53%,44%,434,"83,2%","54,80%","48,7%"
14202813,28004264,COLÉGIO ESTADUAL JOÃO SALONIO,DRE03,Ensino Médio Parcial,Sim,Urbana,Regular,"84,51%","260,61","261,1","257,8",268,74%,34%,28%,289,"93,2%","33,57%","29,4%"
14202595,28008227,COLÉGIO ESTADUAL JOSÉ JOAQUIM CARDOSO,DRE03,Ensino Médio Parcial,Sim,Urbana,Regular,"92,59%","283,74","278,68","273,1","270,6",91%,55%,46%,341,"92,3%","57,99%","53,2%"
14202808,28004582,CENTRO DE EXCELÊNCIA DE EDUCAÇÃO EM TEMPO INTEGRAL AUGUSTO FRANCO,DRE03,Ensino Médio Parcial,Sim,Urbana,Regular,"96,55%","253,31","242,16","281,3","279,5",92%,52%,51%,77,"100,0%","58,33%","79,0%"
14202626,28030095,COLEGIO ESTADUAL JOÃO XXIII,DRE03,Ensino Médio Parcial,Sim,Urbana,Regular,"86,36%","266,44","275,79","265,2","269,1",96%,53%,53%,413,"85,2%","53,42%","47,8%"
14202592,28008421,CENTRO DE EXCELÊNCIA EMELIANO RIBEIRO,DRE03,Ensino Médio Integral,Sim,Urbana,Regular,"95,56%","253,47","243,21","260,2","253,3",93%,36%,34%,300,"83,2%","41,58%","42,3%"
14202558,28007166,CENTRO DE EXCELÊNCIA DOUTOR AUGUSTO CÉSAR LEITE,DRE03,Ensino Médio Integral,Sim,Urbana,Regular,"93,33%","275,37","272,72","279,6","279,3",96%,49%,40%,94,"92,3%","59,03%","59,0%"
14202502,28004809,CENTRO DE EXCELÊNCIA ABDIAS BEZERRA,DRE03,Ensino Médio Integral,Sim,Urbana,Regular,"100,00%","268,77","272,85","295,8",275,98%,62%,64%,152,"87,8%","67,59%","59,8%"
14202493,28006356,CENTRO DE EXCELÊNCIA MIGUEL DAS GRAÇAS,DRE03,Ensino Médio Parcial,Sim,Urbana,Regular,"81,25%","263,72","270,62","267,7","246,9",100%,42%,32%,117,"97,3%","54,63%","54,8%"
14202906,28014839,CENTRO DE EXCELÊNCIA CORONEL JOSÉ JOAQUIM BARBOSA,DRE04,Ensino Médio Integral,Sim,Urbana,Regular,"91,43%","250,4","253,54","250,8","235,5",84%,46%,54%,232,"80,5%","63,64%","60,3%"
14202495,28016300,CENTRO DE EXCELÊNCIA PROFESSORA MARIA CONCEIÇÃO DE SANTANA,DRE04,Ensino Médio Integral,Sim,Urbana,Regular,"93,85%","252,94","248,05","270,5","238,5",84%,41%,28%,146,"66,7%","40,56%","39,4%"
14202496,28029569,COLÉGIO ESTADUAL JOSÉ DE MATOS TELES,DRE04,Ensino Médio Parcial,Sim,Urbana,Regular,"86,96%","266,58","257,91","246,8","244,5",90%,44%,36%,278,"91,5%","53,36%","56,9%"
14202756,28035585,CENTRO DE EXCELÊNCIA DE EDUCAÇÃO EM TEMPO INTEGRAL E PROFISSIONAL GOVERNADOR MARCELO DÉDA CHAGAS,DRE04,Ensino Profissional,Sim,Urbana,Regular,"64,00%",,,"248,8","245,2",92%,42%,47%,308,"89,9%","48,21%","56,1%"
14202820,28015983,COLÉGIO ESTADUAL JOSÉ AMARAL LEMOS,DRE04,Ensino Médio Parcial,Sim,Urbana,Regular,"87,02%","242,61","248,19","243,3","239,8",74%,38%,31%,310,"96,2%","49,83%","61,7%"
14202619,28014138,COLÉGIO ESTADUAL IRMÃ MARIA CLEMÊNCIA,DRE04,Ensino Médio Parcial,Sim,Urbana,Regular,"93,23%","250,34","249,25","260,2","245,6",83%,42%,36%,617,"88,4%","56,16%","56,2%"
14202795,28014146,CENTRO DE EXCELÊNCIA EDELZIO VIEIRA DE MELO,DRE04,Ensino Médio Parcial,Sim,Urbana,Regular,"81,73%","217,86","229,63","229,9","231,8",87%,30%,28%,436,"92,4%","41,14%","49,9%"
14202517,28014693,CENTRO DE EXCELÊNCIA DOUTOR JOÃO DE MELO PRADO,DRE04,Ensino Médio Integral,Sim,Urbana,Regular,"94,44%","237,47","231,56",253,"244,7",92%,51%,56%,157,"86,8%","31,34%","38,6%"
14202461,28016165,COLÉGIO ESTADUAL POETA JOSÉ SAMPAIO,DRE04,Ensino Médio Parcial,Sim,Urbana,Regular,"77,52%",,,"264,2","247,5",90%,45%,36%,273,"92,1%","52,17%","49,4%"
14202812,28016890,CENTRO DE EXCELÊNCIA LEANDRO MACIEL,DRE04,Ensino Médio Integral,Sim,Urbana,Regular,"98,41%","269,39","253,92","244,2",244,99%,46%,43%,288,"88,0%","68,69%","68,7%"
14202500,28014812,CENTRO DE EXCELÊNCIA DR EDELZIO VIEIRA DE MELO,DRE04,Ensino Médio Integral,Sim,Urbana,Regular,"92,86%","242,36","240,27","251,6","253,8",100%,47%,49%,175,"100,0%","52,53%","46,1%"
14202640,28015002,CENTRO DE EXCELÊNCIA SENADOR GONÇALO ROLLEMBERG,DRE04,Ensino Médio Integral,Sim,Urbana,Regular,"102,56%","289,07","285,44","278,6","253,4",93%,55%,43%,213,"91,1%","55,23%","66,0%"
14210621,28035690,CENTRO DE EXCELÊNCIA DE EDUCAÇÃO PROFISSIONALIZANTE BERILA ALVES DE ALMEIDA,DRE05,Ensino Profissional,Sim,Rural,Regular,"94,87%","274,95","269,86","275,8","261,9",93%,55%,38%,229,"85,4%","52,14%","49,0%"
14202497,28006046,CENTRO DE EXCELÊNCIA DE EDUCAÇÃO EM TEMPO INTEGRAL PROFESSOR FERNANDO AZEVEDO,DRE05,Ensino Médio Parcial,Sim,Urbana,Regular,"90,45%","247,9","250,93","268,1","258,9",94%,45%,47%,416,"97,5%","65,98%","63,1%"
14202527,28005201,CENTRO DE EXCELÊNCIA DE EDUCAÇÃO EM TEMPO INTEGRAL NAÇÕES UNIDAS,DRE05,Ensino Médio Parcial,Sim,Urbana,Regular,"80,72%","256,42","254,57","239,8","240,3",91%,53%,59%,188,"60,0%","58,16%","60,8%"
14202737,28006330,COLÉGIO ESTADUAL GENERAL CALAZANS,DRE05,Ensino Médio Parcial,Sim,Urbana,Regular,"88,06%","266,06","253,53","249,8","245,8",87%,42%,47%,326,"91,2%","66,26%","56,8%"
14202638,28005163,COLÉGIO ESTADUAL FRANCISCO FIGUEIREDO,DRE05,Ensino Médio Parcial,Sim,Urbana,Regular,"92,31%","256,68","255,09","259,3","249,8",92%,43%,36%,577,"73,3%","40,34%","38,1%"
14202767,28000951,COLÉGIO ESTADUAL MANOEL ALCINO DO NASCIMENTO,DRE05,Ensino Médio Parcial,Sim,Urbana,Regular,"90,00%","248,65","249,12",237,"230,2",96%,34%,36%,192,"97,8%","43,18%","45,6%"
14202593,28001150,CENTRO DE EXCELÊNCIA MARIA DAS GRAÇAS MENEZES MOURA,DRE05,Ensino Médio Integral,Sim,Urbana,Regular,"82,05%","265,33","276,97","272,2","263,7",89%,53%,60%,148,"97,2%","55,88%","66,2%"
14202905,28000315,CENTRO DE EXCELÊNCIA DE EDUCAÇÃO EM TEMPO INTEGRAL MARIA MONTESSORI,DRE05,Ensino Médio Integral,Sim,Urbana,Regular,"87,50%","231,93","237,79","227,6","235,9",80%,34%,41%,133,"80,0%","38,19%","55,4%"
14202549,28005651,CENTRO DE EXCELÊNCIA DE  EDUCAÇÃO EM TEMPO INTEGRAL  ALCEBÍADES PAES,DRE05,Ensino Médio Parcial,Sim,Urbana,Regular,"103,45%","277,4","263,84","251,5","239,2",100%,46%,40%,110,"100,0%","31,25%","43,4%"
14202547,28041801,CENTRO ESTADUAL DE EDUCAÇÃO PROFISSIONAL AGONALTO PACHECO SILVA,DRE06,Ensino Profissional,Sim,Urbana,Regular,"97,89%","267,84","275,45","246,2","254,2",91%,47%,41%,432,"93,0%","50,91%","52,6%"
14202529,28015622,CENTRO DE EXCELÊNCIA DR LEANDRO MACIEL,DRE06,Ensino Médio Integral,Sim,Urbana,Regular,"99,08%","246,64","248,17","228,9","233,6",93%,35%,36%,327,"99,0%","46,93%","56,1%"
14202736,28013972,COLÉGIO ESTADUAL PROFESSOR GOMES NETO,DRE06,Ensino Médio Parcial,Sim,Rural,Regular,"38,71%",,,"269,5","250,7",100%,48%,51%,56,"100,0%","61,46%","50,5%"
14202581,28005848,COLÉGIO ESTADUAL ALMIRANTE BARROSO,DRE06,Ensino Médio Parcial,Sim,Urbana,Regular,"95,45%","249,67","247,57","263,9","244,1",84%,40%,36%,433,"85,5%","58,02%","58,3%"
14202628,28013980,COLÉGIO ESTADUAL JOSÉ GUIMARÃES LIMA,DRE06,Ensino Médio Parcial,Sim,Urbana,Regular,"95,00%",271,"273,36","246,1","249,3",73%,39%,68%,134,"100,0%","62,39%","71,8%"
14202611,28012631,CENTRO DE EXCELÊNCIA DE EDUCAÇÃO EM TEMPO INTEGRAL MANOEL JOAQUIM DE OLIVEIRA CAMPOS,DRE06,Ensino Médio Integral,Sim,Urbana,Regular,"89,47%","270,71","251,6","226,6","238,6",96%,55%,64%,87,"100,0%","74,67%","80,0%"
14202636,28013158,COLÉGIO ESTADUAL PROFESSOR  ANTÔNIO CALIXTO DE FIGUEIREDO CRUZ,DRE06,Ensino Profissional,Sim,Rural,Regular,"104,35%","246,17","252,18",,,94%,31%,26%,83,"93,8%","40,00%","35,3%"
14202741,28013719,CENTRO DE EXCELÊNCIA JOANA DE FREITAS BARBOSA,DRE06,Ensino Médio Integral,Sim,Urbana,Regular,"90,91%","273,18","274,11","252,3","241,7",97%,41%,31%,166,"100,0%","55,26%","41,0%"
14202513,28005759,CENTRO DE EXCELÊNCIA DE EDUCAÇÃO  EM TEMPO INTEGRAL EMILIANO GUIMARÃES,DRE06,Ensino Médio Integral,Sim,Urbana,Regular,"78,57%",,,"259,8","246,3",71%,59%,60%,84,"74,3%","50,00%","55,4%"
14202600,28015479,COLÉGIO ESTADUAL PROFESSORA ROBERTA RAMALHO DE SOUZA,DRE06,Ensino Profissional,Sim,Rural,Regular,"68,42%",,,"245,9","237,1",83%,35%,32%,65,"100,0%","43,63%","30,6%"
14202823,28013700,COLÉGIO ESTADUAL CORONEL JOÃO FERNANDES DE BRITO,DRE06,Ensino Médio Parcial,Sim,Urbana,Regular,"90,37%","241,66","245,61","239,4","227,2",88%,41%,37%,462,"93,4%","34,65%","38,1%"
14202760,28013921,CENTRO DE EXCELÊNCIA ANTÔNIO MATHIAS BARROSO,DRE06,Ensino Médio Integral,Sim,Urbana,Regular,"94,44%","250,33","247,7","249,5",230,94%,28%,24%,118,"97,1%","50,76%","82,8%"
14202915,28015355,CENTRO DE EXCELÊNCIA JOSINO MENEZES,DRE06,Ensino Médio Integral,Sim,Urbana,Regular,"96,77%","262,77","257,89","235,7","229,3",77%,43%,35%,199,"96,8%","63,19%","49,3%"
14202469,28013093,CENTRO DE EXCELÊNCIA DOUTOR JESSÉ TRINDADE,DRE06,Ensino Médio Integral,Sim,Urbana,Regular,"97,56%","251,37","253,78",238,231,96%,40%,55%,207,"100,0%","64,67%","67,0%"
14202583,28013247,COLÉGIO ESTADUAL CALDAS JÚNIOR,DRE06,Ensino Médio Parcial,Sim,Urbana,Regular,"100,00%","248,05","250,83","260,3","246,4",77%,50%,45%,299,"84,8%","66,67%","63,7%"
14202572,28032195,COLÉGIO ESTADUAL PROFESSORA MARIA VIEIRA DA SILVA SANTOS,DRE06,Ensino Médio Parcial,Sim,Rural,Regular,"60,71%",,,"253,4","236,7",96%,45%,25%,72,"100,0%","40,63%","45,7%"
14202765,28015762,COLÉGIO ESTADUAL NOSSA SENHORA SANTANA,DRE06,Ensino Médio Parcial,Sim,Rural,Área de Assentamento,"64,00%",,,"225,2","221,6",89%,29%,20%,127,"97,1%","33,09%","36,4%"
14202810,28016106,CENTRO EXCELÊNCIA DE EDUCAÇÃO EM TEMPO INTEGRAL JOÃO DIAS GUIMARÃES,DRE06,Ensino Médio Integral,Sim,Urbana,Regular,"80,00%","263,37","263,32",264,"259,3",96%,42%,32%,83,"100,0%","45,00%","42,0%"
14202609,28012720,CENTRO DE EXCELÊNCIA DR LUIZ GARCIA,DRE06,Ensino Médio Integral,Sim,Urbana,Regular,"91,67%","251,53","249,32","240,1",237,71%,29%,42%,155,"89,8%","59,52%","58,3%"
14202791,28012739,COLEGIO ESTADUAL QUILOMBOLA 03 DE MAIO,DRE06,Ensino Médio Parcial,Sim,Rural,Comunidade Quilombola,"100,00%","234,68","238,87","254,7","238,1",92%,33%,23%,146,"96,0%","37,67%","38,1%"
14202481,28015444,COLÉGIO ESTADUAL OTÁVIO BEZERRA,DRE06,Ensino Médio Parcial,Sim,Rural,Comunidade Quilombola,,,,"217,7","228,3",100%,36%,28%,39,"90,0%","50,93%","31,5%"
14202909,28013298,CENTRO DE EXCELÊNCIA MARECHAL PEREIRA LOBO,DRE06,Ensino Médio Integral,Sim,Urbana,Regular,"93,02%","258,35","253,6","274,5","263,1",93%,57%,50%,85,"88,9%","47,92%","44,9%"
14202580,28013018,CENTRO DE EXCELÊNCIA MANUEL DANTAS,DRE06,Ensino Médio Integral,Sim,Urbana,Regular,"90,57%","265,99","260,91","268,6","240,5",85%,60%,46%,195,"97,8%","73,89%","68,4%"
14202550,28012836,CENTRO DE EXCELÊNCIA DE EDUCAÇÃO EM TEMPO INTEGRAL SÃO FRANCISCO DE ASSIS,DRE06,Ensino Médio Integral,Sim,Urbana,Regular,"89,19%","254,65","252,47","261,7","243,8",100%,45%,37%,131,"100,0%","49,29%","50,7%"
14202649,28026268,ESCOLA FAMILIA AGRÍCOLA DE LADEIRINHAS,DRE06,Ensino Profissional,Sim,Rural,Área de Assentamento,,,,"263,3",251,85%,47%,46%,52,"92,3%","47,22%","43,8%"
14202537,28013310,COLÉGIO ESTADUAL GOVERNADOR GERAL MANOEL DE MIRANDA,DRE06,Ensino Médio Parcial,Sim,Rural,Povos e Comunidades Tradicionais,"65,22%",,,"240,4","235,1",100%,34%,27%,73,"100,0%","50,00%","51,3%"
14202818,28013620,CENTRO DE EXCELÊNCIA ALMIRANTE TAMANDARÉ,DRE07,Ensino Médio Integral,Sim,Urbana,Regular,"100,00%","270,67","264,16",263,"254,8",97%,39%,48%,213,"95,4%","42,88%","34,1%"
14202584,28003047,COLÉGIO ESTADUAL PEDRO ALVES DE SOUZA,DRE07,Ensino Médio Parcial,Sim,Rural,Regular,"87,04%","230,5","243,06","233,4",244,99%,40%,42%,266,"98,7%","53,83%","55,1%"
14202785,28033884,COLEGIO ESTADUAL PROFESSORA CLEMÊNCIA ALVES DA SILVA,DRE07,Ensino Médio Parcial,Sim,Rural,Regular,"100,00%","259,05","249,65","276,7","253,8",93%,54%,63%,105,"86,2%","50,33%","71,0%"
14202528,28000897,CENTRO DE EXCELÊNCIA NELSON REZENDE DE ALBUQUERQUE,DRE07,Ensino Médio Integral,Sim,Rural,Regular,"92,31%","254,85","257,5","266,2","265,3",78%,37%,44%,128,"96,3%","48,08%","56,6%"
14202484,28003071,COLÉGIO ESTADUAL CEL MAYNARD GOMES,DRE07,Ensino Médio Parcial,Sim,Urbana,Regular,"96,15%","250,55",252,"245,9","235,2",78%,36%,32%,218,"28,8%","30,16%","22,5%"
14202456,28003055,CENTRO DE EXCELÊNCIA QUILOMBOLA 27 DE MAIO,DRE07,Ensino Médio Integral,Sim,Rural,Comunidade Quilombola,"87,50%","247,68","253,16","242,3","228,2",96%,25%,29%,69,"87,0%","55,00%","62,9%"
14202637,28027736,COLÉGIO ESTADUAL PROFESSOR JOSÉ AUGUSTO DA ROCHA LIMA,DRE07,Ensino Médio Parcial,Sim,Urbana,Regular,"90,16%","264,94","257,95","260,3","249,6",88%,37%,36%,195,"91,4%","44,97%","58,7%"
14202814,28026705,CENTRO DE EXCELÊNCIA GOVERNADOR LOURIVAL BAPTISTA,DRE07,Ensino Médio Integral,Sim,Urbana,Regular,"94,95%","256,8","267,18","249,9","254,9",65%,47%,47%,250,"70,8%","56,37%","53,1%"
14202783,28013514,COLÉGIO ESTADUAL MONSENHOR FERNANDO GRAÇA LEITE,DRE07,Ensino Médio Parcial,Sim,Rural,Regular,"90,00%","255,94","267,67","252,3",253,100%,36%,44%,52,"100,0%","35,53%","59,6%"
14202750,28026543,COLÉGIO ESTADUAL PROFESSORA MARIA ZENITE DOS SANTOS,DRE07,Ensino Médio Parcial,Sim,Rural,Regular,"95,45%","242,83","255,41","237,6","232,9",95%,34%,29%,61,"95,0%","44,74%","53,9%"
14202759,28003535,COLÉGIO INDÍGENA ESTADUAL DOM JOSÉ BRANDÃO DE CASTRO,DRE07,Ensino Médio Parcial,Sim,Rural,Terra Indígena,,,,,,100%,30%,47%,19,"100,0%","65,48%","36,9%"
14202805,28016319,COLÉGIO ESTADUAL PROFESSORA ZIZINHA GUIMARAES,DRE08,Ensino Médio Parcial,Sim,Urbana,Regular,"87,45%","241,79","249,63",248,"247,1",99%,41%,43%,545,"98,0%","46,09%","49,8%"
14202733,28020421,COLEGIO ESTADUAL PROFESSOR JOSE BARRETO FONTES,DRE08,Ensino Médio Parcial,Sim,Urbana,Regular,"85,14%","244,44","248,09","240,1","231,4",89%,45%,45%,258,"82,1%","55,91%","53,9%"
14202900,28032640,CENTRO DE EXCELENCIA PROFESSOR HAMILTON ALVES ROCHA,DRE08,Ensino Médio Integral,Sim,Urbana,Regular,"98,51%","284,95","267,21","275,2","263,6",100%,51%,47%,319,"100,0%","57,54%","61,9%"
14202585,28028317,COLÉGIO ESTADUAL HELIO WANDERLEY SOBRAL CARVALHO,DRE08,Ensino Médio Parcial,Sim,Urbana,Regular,"90,91%","260,2","250,72","247,1","234,9",92%,37%,34%,621,"85,0%","31,19%","34,6%"
14202645,28020308,CENTRO DE EXCELÊNCIA DE EDUCAÇÃO EM TEMPO INTEGRAL DR CARLOS FIRPO,DRE08,Ensino Médio Integral,Sim,Urbana,Regular,"66,49%",,,"263,2","244,6",100%,41%,32%,405,"91,4%","55,63%","50,5%"
14202514,28028384,CENTRO DE EXECELÊNCIA DE EDUCAÇÃO EM TEMPO INTEGRAL PROFESSORA MARIA DE LOURDES GOIS,DRE08,Ensino Médio Parcial,Sim,Urbana,Regular,"88,55%","242,37","232,55","240,8","234,6",77%,41%,38%,403,"89,6%","54,24%","68,4%"
14202509,28021215,CENTRO DE EXCELÊNCIA DE EDUCAÇÃO EM TEMPO INTEGRAL SENADOR PAULO SARASATE,DRE08,Ensino Médio Parcial,Sim,Urbana,Regular,,,,,,94%,43%,38%,303,"92,7%","47,97%","47,2%"
14202511,28016971,CENTRO DE EXCELÊNCIA DE EDUCAÇÃO EM TEMPO INTEGRAL PROFESSOR ROGACIANO MAGNO LEÃO BRASIL,DRE08,Ensino Médio Integral,Sim,Urbana,Regular,"86,03%","253,07","249,47",252,"238,9",86%,33%,24%,356,"91,2%","32,37%","30,7%"
14202574,28020480,COLEGIO ESTADUAL PRESIDENTE JUSCELINO KUBITSCHEK,DRE08,Ensino Médio Parcial,Sim,Urbana,Regular,"91,15%","255,31","245,57","254,7","240,4",77%,34%,27%,696,"91,9%","41,33%","41,6%"
14202634,28020456,COLEGIO ESTADUAL PROFESSOR ANTONIO FONTES FREITAS,DRE08,Ensino Médio Parcial,Sim,Urbana,Regular,"78,40%",,,248,"240,3",89%,38%,26%,615,"84,9%","39,16%","31,8%"
14202825,28021045,COLEGIO ESTADUAL DEPUTADO ELISIO CARMELO,DRE08,Ensino Médio Parcial,Sim,Urbana,Regular,"93,23%","243,54","243,53","271,3","255,3",91%,36%,29%,479,"95,7%","47,93%","38,0%"
14202633,28021223,COLÉGIO ESTADUAL PADRE GASPAR LOURENCO,DRE08,Ensino Médio Parcial,Sim,Urbana,Regular,"90,48%","258,82","240,97","239,8","228,9",100%,45%,36%,291,"98,7%","43,08%","48,6%"
14202499,28029275,COLÉGIO ESTADUAL FELIPE TIAGO GOMES,DRE08,Ensino Médio Parcial,Sim,Urbana,Regular,"91,30%","231,83","231,56","241,6","231,6",76%,29%,26%,274,"84,9%","47,31%","52,4%"
14202901,28020766,COLÉGIO ESTADUAL JOÃO BATISTA NASCIMENTO,DRE08,Ensino Médio Parcial,Sim,Urbana,Regular,"97,30%","261,16","252,25",271,"248,9",93%,43%,29%,455,"95,0%","65,18%","65,7%"
14202618,28025733,COLÉGIO ESTADUAL PEDRO ALMEIDA VALADARES,DRE08,Ensino Médio Parcial,Sim,Urbana,Regular,,,,"244,3","242,8",99%,42%,34%,332,"96,1%","40,28%","48,0%"
14202548,28036069,CENTRO DE EXCELÊNCIA EDUCAÇÃO PROFISSIONALIZANTE PROFESSORA NEUZICE BARRETO,DRE08,Ensino Profissional,Sim,Urbana,Regular,"99,05%","276,82","268,61","270,8","265,6",99%,48%,35%,471,"100,0%","62,86%","54,8%"
14202739,28021177,COLÉGIO ESTADUAL ARMINDO GUARANÁ,DRE08,Ensino Médio Parcial,Sim,Urbana,Regular,"99,24%","234,71","248,4","253,8","239,7",67%,43%,37%,622,"91,9%","59,39%","53,3%"
14202779,28035631,CENTRO DE EXCELÊNCIA EDUCAÇÃO PROFISSIONAL GOVERNADOR SEIXAS DÓRIA,DRE08,Ensino Profissional,Sim,Urbana,Regular,"97,73%","275,59","269,28","271,7","254,2",99%,50%,28%,281,"97,5%","61,80%","44,3%"
14202590,28021142,COLÉGIO ESTADUAL PROFESSORA GLORITA PORTUGAL,DRE08,Ensino Médio Parcial,Sim,Urbana,Regular,"88,81%","264,41","255,03","277,7","256,3",96%,44%,44%,352,"93,0%","48,66%","38,3%"
14202776,28025423,CENTRO DE EXCELÊNCIA FELISBELLO FREIRE,DRE08,Ensino Médio Integral,Sim,Urbana,Regular,"94,12%","272,22","255,51",259,"246,2",94%,41%,30%,163,"92,1%","49,71%","42,4%"
14202591,28026853,CENTRO DE EXCELÊNCIA GILBERTO FREIRE,DRE08,Ensino Médio Parcial,Sim,Urbana,Regular,"103,48%","253,14","250,2","261,6","243,7",87%,37%,27%,427,"89,8%","40,22%","31,5%"
14202629,28032306,CENTRO DE EXCELÊNCIA DEPUTADO JONAS AMARAL,DRE08,Ensino Médio Integral,Sim,Urbana,Regular,"95,19%","279,38","263,37","280,4","257,3",98%,46%,37%,418,"97,6%","65,63%","64,6%"
14202800,28020340,COLÉGIO ESTADUAL PROFESSOR JOSE FRANKLIN,DRE08,Ensino Médio Parcial,Sim,Urbana,Regular,,,,,,83%,43%,42%,270,"83,1%","60,74%","49,9%"
14202914,28020502,COLÉGIO ESTADUAL FREI INOCENCIO,DRE08,Ensino Profissional,Sim,Urbana,Regular,"97,30%","254,39","242,78","265,5",238,93%,42%,27%,152,"100,0%","55,00%","53,4%"
14202809,28020529,CENTRO DE EXCELÊNCIA POETA JOSÉ SAMPAIO,DRE08,Ensino Médio Integral,Sim,Urbana,Regular,"94,87%","258,24","252,08","267,7","248,9",94%,38%,41%,181,"94,1%","42,19%","46,5%"
14202525,28020464,COLÉGIO ESTADUAL ALFREDO MONTES,DRE08,Ensino Profissional,Sim,Urbana,Regular,"100,00%","261,11","248,78","267,1","243,9",86%,39%,28%,264,"93,6%","51,31%","46,9%"
14202646,28016637,CENTRO DE EXCELÊNCIA DR ALCIDES PEREIRA,DRE08,Ensino Médio Integral,Sim,Urbana,Regular,"94,52%","248,94","231,65","240,7","237,2",99%,52%,45%,282,"98,8%","66,46%","87,3%"
14202635,28020448,COLEGIO ESTADUAL PROF LEAO MAGNO BRASIL,DRE08,Ensino Médio Parcial,Sim,Urbana,Regular,"90,24%","237,45","248,47","229,7","224,7",90%,36%,28%,457,"86,1%","32,33%","32,8%"
14202615,28027434,COLÉGIO ESTADUAL DELMIRO DE MIRANDA BRITTO,DRE09,Ensino Médio Parcial,Sim,Urbana,Regular,"92,78%","252,96","252,17",254,"244,1",64%,40%,31%,774,"81,6%","47,80%","48,8%"
14202817,28033086,CENTRO DE EXCELÊNCIA DE EDUCAÇÃO EM TEMPO INTEGRAL E PROFISSIONAL DOM JOSE BRANDÃO DE CASTRO,DRE09,Ensino Profissional,Sim,Rural,Área de Assentamento,"86,36%","261,95","248,16","251,8","226,8",97%,46%,45%,99,"100,0%","57,87%","56,3%"
14202648,28001699,CENTRO DE EXCELÊNCIA MANOEL MESSIAS FEITOSA,DRE09,Ensino Médio Integral,Sim,Urbana,Regular,"63,54%",,,"273,4","270,6",73%,65%,57%,482,"69,1%","67,38%","64,2%"
14202586,28000013,CENTRO DE EXCELÊNCIA DOM JUVÊNCIO DE BRITTO,DRE09,Ensino Médio Integral,Sim,Urbana,Regular,"88,62%","266,49","265,67","290,5","278,6",100%,71%,58%,336,"99,0%","78,21%","65,8%"
14202608,28002245,COLÉGIO ESTADUAL PROFESSOR JUSTINIANO DE MELO E SILVA,DRE09,Ensino Médio Parcial,Sim,Urbana,Regular,"89,26%","239,26","241,03","252,4","238,9",87%,39%,32%,456,"93,1%","39,29%","41,5%"
14202803,28001400,CENTRO DE EXCELÊNCIA 28 DE JANEIRO,DRE09,Ensino Médio Integral,Sim,Urbana,Regular,"91,41%","258,64","262,9","252,9","257,2",48%,42%,43%,584,"79,6%","50,58%","49,8%"
14202775,28032730,CENTRO DE EXCELÊNCIA PROFESSORA NOÊMIA DE SOUZA,DRE09,Ensino Médio Integral,Sim,Rural,Regular,"97,33%","258,55","261,27","259,8","253,8",98%,40%,31%,249,"96,9%","56,56%","64,6%"
14202793,28001680,COLÉGIO ESTADUAL CÍCERO BEZERRA,DRE09,Ensino Médio Parcial,Sim,Urbana,Regular,"86,38%","259,92","262,15","261,7","259,6",76%,42%,39%,1.238,"88,1%","55,48%","55,0%"
14202826,28002261,COLÉGIO ESTADUAL PROFESSOR JOSÉ ARIBALDO DE CAMPOS LIMA,DRE09,Ensino Profissional,Sim,Urbana,Regular,"72,97%",,,"244,2","229,3",91%,42%,30%,160,"82,6%","49,12%","49,6%"